{
    "N": 50,
    "T": 5000,
    "dt": 0.01,
    "alphas": [
        3.1,
        3.3,
        3.5,
        3.7,
        3.9
    ],
    "p_rs": [
        9.999999974752427e-07,
        0.03333429992198944,
        0.0666676014661789,
        0.10000090301036835,
        0.1333342045545578,
        0.16666750609874725,
        0.2000008076429367,
        0.23333410918712616,
        0.2666674256324768,
        0.30000072717666626,
        0.3333340287208557,
        0.36666733026504517,
        0.4000006318092346,
        0.4333339333534241,
        0.4666672348976135,
        0.500000536441803,
        0.5333338379859924,
        0.5666671395301819,
        0.6000004410743713,
        0.6333337426185608,
        0.6666670441627502,
        0.7000003457069397,
        0.7333336472511292,
        0.7666669487953186,
        0.8000002503395081,
        0.8333335518836975,
        0.866666853427887,
        0.9000001549720764,
        0.9333334565162659,
        0.9666667580604553,
        1.0
    ],
    "p_sw": 0.1,
    "k_sw": 3,
    "epsilon": 0.5,
    "sync_error_results": {
        "3.1": [
            1.1533572673797607,
            0.0877075046300888,
            0.08837965130805969,
            0.08853928744792938,
            0.08859813958406448,
            0.08872797340154648,
            0.08882147818803787,
            0.0888737291097641,
            0.0888439193367958,
            0.08882725983858109,
            0.08879375457763672,
            0.08892012387514114,
            0.08891262114048004,
            0.08885383605957031,
            0.08886046707630157,
            0.08894117921590805,
            0.08898061513900757,
            0.08895359933376312,
            0.08896398544311523,
            0.08898640424013138,
            0.08899242430925369,
            0.08896885812282562,
            0.08900132775306702,
            0.08893373608589172,
            0.08894951641559601,
            0.08896294236183167,
            0.08899165689945221,
            0.08899353444576263,
            0.08898674696683884,
            0.08899451047182083,
            0.08894369751214981
        ],
        "3.3": [
            1.4172227382659912,
            0.08799533545970917,
            0.08872444182634354,
            0.08896706998348236,
            0.0890754833817482,
            0.08922780305147171,
            0.08919075131416321,
            0.08928938955068588,
            0.08925975859165192,
            0.08929891139268875,
            0.0893419086933136,
            0.08932320028543472,
            0.08928380161523819,
            0.08930062502622604,
            0.08932091295719147,
            0.08929015696048737,
            0.08933031558990479,
            0.08938547223806381,
            0.08940668404102325,
            0.08939354866743088,
            0.08937374502420425,
            0.08935859054327011,
            0.08940751850605011,
            0.08936528861522675,
            0.08934042602777481,
            0.08937583863735199,
            0.08940565586090088,
            0.08940102159976959,
            0.08936463296413422,
            0.08940604329109192,
            0.08940539509057999
        ],
        "3.5": [
            1.5208438634872437,
            0.08838099241256714,
            0.08905515819787979,
            0.08939412236213684,
            0.08941594511270523,
            0.08960171043872833,
            0.08961164206266403,
            0.08964972198009491,
            0.08967035263776779,
            0.08970147371292114,
            0.08971622586250305,
            0.08972593396902084,
            0.08975530415773392,
            0.08971172571182251,
            0.08975312113761902,
            0.08977192640304565,
            0.08976342529058456,
            0.08978446573019028,
            0.0898156687617302,
            0.08980857580900192,
            0.08979286253452301,
            0.08978167176246643,
            0.08979132026433945,
            0.08981497585773468,
            0.08979295939207077,
            0.08980641514062881,
            0.08980358392000198,
            0.08980336785316467,
            0.08978189527988434,
            0.0898222103714943,
            0.08981680124998093
        ],
        "3.7": [
            1.2444941997528076,
            0.0886574238538742,
            0.08932017534971237,
            0.08966957032680511,
            0.0897134467959404,
            0.08986110240221024,
            0.08991833031177521,
            0.08994229882955551,
            0.08996282517910004,
            0.0899772047996521,
            0.09000121057033539,
            0.090016208589077,
            0.09005497395992279,
            0.09000744670629501,
            0.09003307670354843,
            0.09005650132894516,
            0.09005219489336014,
            0.09009134024381638,
            0.09010116755962372,
            0.09008435904979706,
            0.09007745236158371,
            0.09006039053201675,
            0.09006345272064209,
            0.09009423106908798,
            0.09008590131998062,
            0.09008071571588516,
            0.09009120613336563,
            0.09010352939367294,
            0.09008069336414337,
            0.09009849280118942,
            0.09008794277906418
        ],
        "3.9": [
            1.3237866163253784,
            0.08886327594518661,
            0.08966033160686493,
            0.08996760845184326,
            0.09003621339797974,
            0.09016332775354385,
            0.09021813422441483,
            0.09022392332553864,
            0.09026937931776047,
            0.09027965366840363,
            0.09027157723903656,
            0.09033699333667755,
            0.09035239368677139,
            0.0903010368347168,
            0.09032304584980011,
            0.09034323692321777,
            0.09034645557403564,
            0.09038019925355911,
            0.09040659666061401,
            0.09039764851331711,
            0.09037760645151138,
            0.0903678834438324,
            0.09036727249622345,
            0.09036612510681152,
            0.0903656855225563,
            0.09036581963300705,
            0.09040912240743637,
            0.09039454162120819,
            0.09037719666957855,
            0.0903986394405365,
            0.09041197597980499
        ]
    }
}