{
    "N": 200,
    "T": 1000,
    "dt": 0.01,
    "alphas": [
        3.1,
        3.3,
        3.5,
        3.7,
        3.9
    ],
    "p_rs": [
        9.999999974752427e-07,
        0.03333429992198944,
        0.0666676014661789,
        0.10000090301036835,
        0.1333342045545578,
        0.16666750609874725,
        0.2000008076429367,
        0.23333410918712616,
        0.2666674256324768,
        0.30000072717666626,
        0.3333340287208557,
        0.36666733026504517,
        0.4000006318092346,
        0.4333339333534241,
        0.4666672348976135,
        0.500000536441803,
        0.5333338379859924,
        0.5666671395301819,
        0.6000004410743713,
        0.6333337426185608,
        0.6666670441627502,
        0.7000003457069397,
        0.7333336472511292,
        0.7666669487953186,
        0.8000002503395081,
        0.8333335518836975,
        0.866666853427887,
        0.9000001549720764,
        0.9333334565162659,
        0.9666667580604553,
        1.0
    ],
    "p_sw": 0.1,
    "k_sw": 3,
    "epsilon": 0.5,
    "sync_error_results": {
        "3.1": [
            2.6669983863830566,
            0.03522519767284393,
            0.03367156535387039,
            0.03301917761564255,
            0.03278038650751114,
            0.03256816416978836,
            0.032293859869241714,
            0.032194312661886215,
            0.03239034488797188,
            0.0322917141020298,
            0.032326050102710724,
            0.032016634941101074,
            0.0321245901286602,
            0.03190108761191368,
            0.031749289482831955,
            0.031893402338027954,
            0.031863391399383545,
            0.03176717460155487,
            0.03177029266953468,
            0.03168667480349541,
            0.03175637125968933,
            0.03171562775969505,
            0.03172128275036812,
            0.03165217861533165,
            0.031613823026418686,
            0.03154481574892998,
            0.03153030946850777,
            0.031617164611816406,
            0.03156141936779022,
            0.03158891201019287,
            0.031583160161972046
        ],
        "3.3": [
            2.0413880348205566,
            0.03628946840763092,
            0.03460271283984184,
            0.033839426934719086,
            0.03353210911154747,
            0.033289626240730286,
            0.03298679739236832,
            0.032858800143003464,
            0.03306856378912926,
            0.03296047821640968,
            0.032978907227516174,
            0.03266851231455803,
            0.03277669474482536,
            0.03253462165594101,
            0.03234924376010895,
            0.03251973167061806,
            0.03248438984155655,
            0.032365962862968445,
            0.03238022327423096,
            0.03228774666786194,
            0.03235906735062599,
            0.03229425102472305,
            0.03231661766767502,
            0.03223961964249611,
            0.03219986334443092,
            0.03213078901171684,
            0.0321081206202507,
            0.032202817499637604,
            0.03213946893811226,
            0.032176245003938675,
            0.032161641865968704
        ],
        "3.5": [
            3.040837526321411,
            0.03746528550982475,
            0.03556516394019127,
            0.03473324701189995,
            0.0343828983604908,
            0.03408714383840561,
            0.033748120069503784,
            0.03359181806445122,
            0.03382973000407219,
            0.033692240715026855,
            0.03372462838888168,
            0.033384256064891815,
            0.0334840752184391,
            0.03321860358119011,
            0.033019792288541794,
            0.03320510312914848,
            0.033145371824502945,
            0.03303280845284462,
            0.033038169145584106,
            0.03294355794787407,
            0.03301525115966797,
            0.03298042342066765,
            0.03298553451895714,
            0.03288218751549721,
            0.03285444900393486,
            0.03276617452502251,
            0.03275290131568909,
            0.03285863623023033,
            0.03278486430644989,
            0.03282078355550766,
            0.032803975045681
        ],
        "3.7": [
            3.297104597091675,
            0.03881002217531204,
            0.03661474958062172,
            0.0356488861143589,
            0.03525402024388313,
            0.034951936453580856,
            0.03456353023648262,
            0.03438320755958557,
            0.03465208783745766,
            0.0345071442425251,
            0.034515004605054855,
            0.034163862466812134,
            0.03427136316895485,
            0.03399500250816345,
            0.03376130387187004,
            0.03396705165505409,
            0.03391217812895775,
            0.03375880420207977,
            0.03376751020550728,
            0.03367479518055916,
            0.03374578431248665,
            0.033689502626657486,
            0.03370077162981033,
            0.0336010679602623,
            0.03355102241039276,
            0.03346953168511391,
            0.03345939517021179,
            0.033564936369657516,
            0.03349090367555618,
            0.03353331983089447,
            0.03351658210158348
        ],
        "3.9": [
            6.3474602699279785,
            0.040180254727602005,
            0.037859976291656494,
            0.03664734214544296,
            0.03620421141386032,
            0.03585148975253105,
            0.035455625504255295,
            0.03523804247379303,
            0.03553137183189392,
            0.03537813946604729,
            0.035377103835344315,
            0.035018306225538254,
            0.03510633111000061,
            0.03481489047408104,
            0.03456076979637146,
            0.034770552068948746,
            0.034708064049482346,
            0.03456173092126846,
            0.03457573056221008,
            0.03446437790989876,
            0.034539349377155304,
            0.0344872921705246,
            0.034494124352931976,
            0.03438331559300423,
            0.034344084560871124,
            0.03424539044499397,
            0.03422372043132782,
            0.034330736845731735,
            0.03424673154950142,
            0.034303486347198486,
            0.034286972135305405
        ]
    }
}