{
    "N": 200,
    "T": 1000,
    "dt": 0.01,
    "alpha": 2.5,
    "p_rs": [
        9.999999974752427e-07,
        0.03333429992198944,
        0.0666676014661789,
        0.10000090301036835,
        0.1333342045545578,
        0.16666750609874725,
        0.2000008076429367,
        0.23333410918712616,
        0.2666674256324768,
        0.30000072717666626,
        0.3333340287208557,
        0.36666733026504517,
        0.4000006318092346,
        0.4333339333534241,
        0.4666672348976135,
        0.500000536441803,
        0.5333338379859924,
        0.5666671395301819,
        0.6000004410743713,
        0.6333337426185608,
        0.6666670441627502,
        0.7000003457069397,
        0.7333336472511292,
        0.7666669487953186,
        0.8000002503395081,
        0.8333335518836975,
        0.866666853427887,
        0.9000001549720764,
        0.9333334565162659,
        0.9666667580604553,
        1.0
    ],
    "p_sw": 0.1,
    "k_sw": 3,
    "epsilon": [
        0.15,
        0.17,
        0.19,
        0.21,
        0.23
    ],
    "sync_error_results": {
        "0.15": [
            1.984145164489746,
            0.0445176400244236,
            0.04181348904967308,
            0.040494054555892944,
            0.03987216576933861,
            0.03924410417675972,
            0.038777485489845276,
            0.0384833961725235,
            0.03880494832992554,
            0.03849812224507332,
            0.03837411105632782,
            0.037952400743961334,
            0.038069985806941986,
            0.03783078491687775,
            0.03760717809200287,
            0.03776325285434723,
            0.037653274834156036,
            0.03748808056116104,
            0.03747578710317612,
            0.0373174250125885,
            0.03734993189573288,
            0.03729034960269928,
            0.03720534220337868,
            0.03708944097161293,
            0.037009820342063904,
            0.03689936175942421,
            0.036891862750053406,
            0.03694777563214302,
            0.036828700453042984,
            0.036911677569150925,
            0.036908552050590515
        ],
        "0.17": [
            2.348504066467285,
            0.04281239956617355,
            0.03997715562582016,
            0.03874613344669342,
            0.03814683109521866,
            0.03769167512655258,
            0.03733576461672783,
            0.03705592826008797,
            0.03735847771167755,
            0.03711565211415291,
            0.03702208399772644,
            0.036636579781770706,
            0.036725737154483795,
            0.03647754341363907,
            0.03628775104880333,
            0.03642217814922333,
            0.0363256111741066,
            0.03618213161826134,
            0.036174945533275604,
            0.036024514585733414,
            0.03606146574020386,
            0.03601747378706932,
            0.0359545573592186,
            0.03584958240389824,
            0.035759225487709045,
            0.03567388653755188,
            0.035663750022649765,
            0.0357237309217453,
            0.035624533891677856,
            0.03568105027079582,
            0.03568527474999428
        ],
        "0.19": [
            2.313760995864868,
            0.04113415256142616,
            0.03849825635552406,
            0.03735080361366272,
            0.03689039498567581,
            0.03651529550552368,
            0.036186281591653824,
            0.03597814217209816,
            0.036243733018636703,
            0.03601334989070892,
            0.03592480719089508,
            0.035573262721300125,
            0.0356539711356163,
            0.03541913628578186,
            0.0352327935397625,
            0.035379454493522644,
            0.03528990596532822,
            0.035158172249794006,
            0.03514564409852028,
            0.03500994294881821,
            0.03506242111325264,
            0.0350293405354023,
            0.03496198356151581,
            0.03487403690814972,
            0.03479887917637825,
            0.03471793234348297,
            0.03470304235816002,
            0.0347713939845562,
            0.03467642143368721,
            0.034733112901449203,
            0.03473285213112831
        ],
        "0.21": [
            3.5876612663269043,
            0.03966875746846199,
            0.037232935428619385,
            0.03632247820496559,
            0.03592203930020332,
            0.035589732229709625,
            0.035241469740867615,
            0.03508580103516579,
            0.035292986780405045,
            0.035098131746053696,
            0.03505590185523033,
            0.03471411392092705,
            0.03478299826383591,
            0.0345710925757885,
            0.034392233937978745,
            0.034535545855760574,
            0.034473419189453125,
            0.03434387594461441,
            0.03433965891599655,
            0.03422646224498749,
            0.03425668179988861,
            0.03422592952847481,
            0.03417735919356346,
            0.03408117964863777,
            0.03403123840689659,
            0.03394509479403496,
            0.033932045102119446,
            0.03400525823235512,
            0.03392644599080086,
            0.0339726023375988,
            0.03396979719400406
        ],
        "0.23": [
            2.0345396995544434,
            0.0384652279317379,
            0.03628832474350929,
            0.03549548238515854,
            0.03512666001915932,
            0.03479534387588501,
            0.034489721059799194,
            0.03433886542916298,
            0.034548576921224594,
            0.03437301144003868,
            0.03433789685368538,
            0.03400920331478119,
            0.034100573509931564,
            0.033882759511470795,
            0.03371744230389595,
            0.03385632112622261,
            0.03379923105239868,
            0.03368813544511795,
            0.033680420368909836,
            0.03357100114226341,
            0.033608000725507736,
            0.03357477858662605,
            0.033543240278959274,
            0.03345116600394249,
            0.033391814678907394,
            0.03332914039492607,
            0.03331905975937843,
            0.033386196941137314,
            0.033308617770671844,
            0.03335610404610634,
            0.03334284946322441
        ]
    }
}